user_id,username,password
1,john_doe,John@123
2,emma_smith,Emma#456
3,michael_jones,Mike@789
4,sophia_brown,Sophie$321
5,liam_wilson,Liam#654
6,olivia_martin,Olivia@987
7,noah_taylor,Noah@567
8,ava_anderson,Ava$432
9,james_thomas,James@890
10,isabella_jackson,Izzy#111
11,benjamin_white,Ben@222
12,mia_harris,Mia$333
13,lucas_clark,Luke#444
14,amelia_rodriguez,Amy@555
15,ethan_lewis,Ethan#666
16,harper_lee,Harper@777
17,logan_walker,Logan$888
18,charlotte_hall,Char#999
19,alexander_allen,Alex@000
20,ella_young,Ella#1234
21,daniel_king,Dan@5678
22,scarlett_wright,Scarlett$9101
23,henry_scott,Henry#1122
24,grace_adams,Grace@3344
25,jackson_baker,Jack$5566
26,victoria_gonzalez,Vicky@7788
27,sebastian_nelson,Seb#9900
28,hannah_carter,Hannah@12345
29,david_mitchell,Dave#6789
30,natalie_perez,Nat$4321
31,samuel_roberts,Sam@2468
32,zoe_evans,Zoe#1357
33,joshua_morris,Josh@8642
34,madison_reed,Maddy$9753
35,christopher_cook,Chris#8520
36,layla_morgan,Layla@7410
37,andrew_bell,Andrew#3690
38,ella_rivera,Ella$2580
39,ryan_cooper,Ryan@1470
40,brooklyn_gray,Brook#9630
41,nathan_ramirez,Nate@7530
42,samantha_campbell,Samy$9510
43,caleb_patterson,Caleb#8529
44,lily_hughes,Lily@7412
45,matthew_flores,Matt$1598
46,chloe_sanders,Chloe@3576
47,elijah_long,Eli#2684
48,scarlett_price,Scar$5792
49,jayden_reynolds,Jay@6831
50,ellie_edwards,Ellie#1746
51,jacob_ross,Jake@8625
52,penelope_fisher,Penny$2793
53,owen_ellis,Owen#6482
54,aubrey_harrison,Aubrey@9384
55,levi_gibson,Levi$7291
56,nora_mcdonald,Nora#5927
57,logan_perry,Logan@1659
58,lillian_howard,Lily$9372
59,hunter_hansen,Hunter#4387
60,zoey_butler,Zoey@5483
61,daniel_foster,Danny#7284
62,paisley_simmons,Paisley$4937
63,charles_bryant,Charlie#8629
64,hazel_alexander,Hazel@4792
65,jason_russell,Jason$9382
66,camila_griffin,Cami#5738
67,adrian_diaz,Adrian@2689
68,aurora_wood,Aurora$9283
69,hudson_brooks,Hudson#8293
70,stella_bennett,Stella@9374
71,dominic_coleman,Dom$6492
72,lucy_henderson,Lucy#8372
73,connor_cunningham,Connor@4829
74,violet_weaver,Violet$9573
75,wyatt_jordan,Wyatt#6823
76,nova_franklin,Nova@7592
77,aaron_walters,Aaron$8391
78,carter_mason,Carter#4729
79,julia_patterson,Julia@9385
80,evan_wagner,Evan$7293
81,aria_bishop,Aria#5928
82,ian_wells,Ian@2649
83,alice_stevens,Alice$3729
84,adam_ford,Adam#7283
85,elena_graham,Elena@5927
86,xavier_hawkins,Xavier$9483
87,luna_knight,Luna#7492
88,colton_lawrence,Colton@7384
89,autumn_hart,Autumn$9284
90,robert_maxwell,Rob#6493
91,leah_ortega,Leah@9372
92,jordan_haynes,Jordan$5728
93,lydia_owens,Lydia#8375
94,vincent_washington,Vince@4728
95,cora_bradley,Cora$9273
96,maverick_torres,Mav#6827
97,sophie_wells,Sophie@7392
98,julian_fox,Julian$9274
99,claire_ramos,Claire#5739
100,nathaniel_harrison,Nate@7493
